truncate table classes;
truncate table subjects CASCADE;
truncate table courses CASCADE;
INSERT INTO courses (id, name) VALUES
(601, 'Speech & Drama - English'),
(602, 'Speech & Drama - Mandarin'),
(603, 'Art & Craft'),
(604, 'Lego Robotics'),
(605, 'Music'),
(606, 'Dance Styles (Ballet, Hip Hop, Contemporary, etc.)'),
(607, 'Academic Tuitions (Math, Science, English, etc.)'),
(608, 'Languages (French, Spanish, etc.)'),
(609, 'Phonics & Early Literacy Classes (Singapore)'),
(610, 'Sports Coaching - Football, Badminton, Swimming, Basketball, Athletics / Running');

INSERT INTO subjects (id, subject_name, course_id) VALUES
(1001, 'Speech & Drama - English', 601),
(1002, 'Speech & Drama - Mandarin', 602),
(1003, 'Art & Craft', 603),
(1004, 'Lego Robotics', 604),
(1005, 'Music', 605),
(1006, 'Ballet Classes (Singapore)', 606),
(1007, 'Hip Hop Classes (Singapore)', 606),
(1008, 'Contemporary Dance Classes (Singapore)', 606),
(1009, 'K-Pop Dance Classes (Singapore)', 606),
(1010, 'Jazz & Lyrical Dance Classes (Singapore)', 606),
(1011, 'Mathematics Tuition (Singapore)', 607),
(1012, 'Science Tuition (Singapore)', 607),
(1013, 'English Tuition (Singapore)', 607),
(1014, 'Mandarin Tuition (Singapore)', 607),
(1015, 'French Language Classes (Singapore)', 608),
(1016, 'Spanish Language Classes (Singapore)', 608),
(1017, 'Japanese Language Classes (Singapore)', 608),
(1018, 'Mandarin Language Classes (Singapore)', 608),
(1019, 'Phonics & Early Literacy Classes (Singapore)', 609),
(1020, 'Football/Soccer Coaching (Singapore)', 610),
(1021, 'Badminton Coaching (Singapore)', 610),
(1022, 'Swimming Coaching (Singapore)', 610),
(1023, 'Basketball Coaching (Singapore)', 610),
(1024, 'Athletics / Running Coaching (Singapore)', 610);


INSERT INTO classes(id,class_name,course_id,course_name,subject_id,subject_name,tutor_id,institute_id,tutor_institute_name,location,description,runtime_per_session_min,total_sessions,cost,duration,min_age,max_age,default_reviews_count,default_rating) VALUES (1,'Speech & Drama Enrichment Programme',601,'Speech & Drama - English',1001,'Speech & Drama - English',NULL,NULL,'Julia Gabriel Centre Singapore','Forum The Shopping Mall, Singapore','A well-known programme focusing on speech, movement, voice projection, and creative expression. Helps students build confidence, clarity, and presentation skills through drama-based learning.',90,NULL,520,'month',2,17,2300,4.8);
INSERT INTO classes(id,class_name,course_id,course_name,subject_id,subject_name,tutor_id,institute_id,tutor_institute_name,location,description,runtime_per_session_min,total_sessions,cost,duration,min_age,max_age,default_reviews_count,default_rating) VALUES (2,'Creative Speech & Drama (Ages 6–12)',601,'Speech & Drama - English',1001,'Speech & Drama - English',NULL,NULL,'Act 3 Drama Academy','Central Singapore','Designed for young learners to develop articulation, storytelling, and expressive speaking. Classes include improvisation, role-play, and performance-based activities.',75,NULL,420,'term',15,19,880,4.6);
INSERT INTO classes(id,class_name,course_id,course_name,subject_id,subject_name,tutor_id,institute_id,tutor_institute_name,location,description,runtime_per_session_min,total_sessions,cost,duration,min_age,max_age,default_reviews_count,default_rating) VALUES (3,'1-to-1 Speech & Drama Coaching',601,'Speech & Drama - English',1001,'Speech & Drama - English',NULL,NULL,'Melissa Tan (Certified Speech & Drama Coach)','Online / Bukit Timah','Personalized coaching for students preparing for performances, competitions, or confidence-building. Focuses on diction, vocal control, stage presence, and expressive speech.',60,NULL,90,'session',9,16,120,4.9);
INSERT INTO classes(id,class_name,course_id,course_name,subject_id,subject_name,tutor_id,institute_id,tutor_institute_name,location,description,runtime_per_session_min,total_sessions,cost,duration,min_age,max_age,default_reviews_count,default_rating) VALUES (4,'Trinity Speech & Drama Exam Preparation',601,'Speech & Drama - English',1001,'Speech & Drama - English',NULL,NULL,'Speech Academy Asia','Bishan, Singapore','Structured training aligned with Trinity College London Speech & Drama examinations. Covers monologues, public speaking, vocal techniques, and exam presentation skills.',90,8,850,'session package',15,18,340,4.7);
INSERT INTO classes(id,class_name,course_id,course_name,subject_id,subject_name,tutor_id,institute_id,tutor_institute_name,location,description,runtime_per_session_min,total_sessions,cost,duration,min_age,max_age,default_reviews_count,default_rating) VALUES (5,'Teen & Adult Speech Confidence Workshop',601,'Speech & Drama - English',1001,'Speech & Drama - English',NULL,NULL,'The Drama Company Singapore','Tiong Bahru, Singapore','Suitable for teens and adults looking to improve confidence, articulation, and expressive speaking. Uses drama techniques to enhance public speaking and self-expression.',120,NULL,120,'workshop',1,18,260,4.5);
INSERT INTO classes(id,class_name,course_id,course_name,subject_id,subject_name,tutor_id,institute_id,tutor_institute_name,location,description,runtime_per_session_min,total_sessions,cost,duration,min_age,max_age,default_reviews_count,default_rating) VALUES (6,'Mandarin Speech & Drama Enrichment Programme',602,'Speech & Drama - Mandarin',1002,'Speech & Drama - Mandarin',NULL,NULL,'Hua Cheng Education Centre','Thomson Road, Singapore','A comprehensive programme focusing on Mandarin articulation, expressive speech, and performance skills. Students develop confidence through storytelling, drama, and role-play activities conducted fully in Mandarin.',90,NULL,520,'month',13,17,1450,4.7);
INSERT INTO classes(id,class_name,course_id,course_name,subject_id,subject_name,tutor_id,institute_id,tutor_institute_name,location,description,runtime_per_session_min,total_sessions,cost,duration,min_age,max_age,default_reviews_count,default_rating) VALUES (7,'Creative Mandarin Speech & Drama (Ages 5–10)',602,'Speech & Drama - Mandarin',1002,'Speech & Drama - Mandarin',NULL,NULL,'Hua Language Centre Singapore','Toa Payoh, Singapore','Designed for young learners to improve pronunciation, vocabulary, and expressive speaking in Mandarin. Lessons include improvisation, storytelling, and movement-based drama activities.',75,NULL,480,'term',1,17,780,4.6);
INSERT INTO classes(id,class_name,course_id,course_name,subject_id,subject_name,tutor_id,institute_id,tutor_institute_name,location,description,runtime_per_session_min,total_sessions,cost,duration,min_age,max_age,default_reviews_count,default_rating) VALUES (8,'1-to-1 Mandarin Speech & Drama Coaching',602,'Speech & Drama - Mandarin',1002,'Speech & Drama - Mandarin',NULL,NULL,'Zhang Wei (Certified Mandarin Speech Coach)','Online / Bukit Timah','Personalised coaching tailored to individual goals such as confidence-building, competitions, or stage performance. Focus on diction, vocal projection, and natural Mandarin expression.',60,NULL,95,'session',13,17,110,4.9);
INSERT INTO classes(id,class_name,course_id,course_name,subject_id,subject_name,tutor_id,institute_id,tutor_institute_name,location,description,runtime_per_session_min,total_sessions,cost,duration,min_age,max_age,default_reviews_count,default_rating) VALUES (9,'Trinity & LAMDA Mandarin Drama Exam Prep',602,'Speech & Drama - Mandarin',1002,'Speech & Drama - Mandarin',NULL,NULL,'Speech Academy Asia (Mandarin Dept.)','Bishan, Singapore','Structured exam preparation for international speech and drama certifications offered in Mandarin. Emphasizes performance skills, scripted pieces, and presentation techniques.',90,8,880,'session package',6,19,320,4.7);
INSERT INTO classes(id,class_name,course_id,course_name,subject_id,subject_name,tutor_id,institute_id,tutor_institute_name,location,description,runtime_per_session_min,total_sessions,cost,duration,min_age,max_age,default_reviews_count,default_rating) VALUES (10,'Mandarin Speech Confidence & Performance Workshop',602,'Speech & Drama - Mandarin',1002,'Speech & Drama - Mandarin',NULL,NULL,'The Theatre Practice Singapore','Goodman Arts Centre, Singapore','A workshop-style class for older students and adults focusing on confident Mandarin speaking, stage presence, and expressive delivery using theatre-based techniques.',120,NULL,130,'workshop',7,18,240,4.5);
INSERT INTO classes(id,class_name,course_id,course_name,subject_id,subject_name,tutor_id,institute_id,tutor_institute_name,location,description,runtime_per_session_min,total_sessions,cost,duration,min_age,max_age,default_reviews_count,default_rating) VALUES (11,'Creative Art & Craft Enrichment Programme',603,'Art & Craft',1003,'Art & Craft',NULL,NULL,'Artify Studio Singapore','Bukit Timah, Singapore','A hands-on art programme encouraging creativity through drawing, painting, collage, and mixed media. Suitable for young learners to explore different art techniques in a fun, guided environment.',90,NULL,480,'month',10,18,1320,4.7);
INSERT INTO classes(id,class_name,course_id,course_name,subject_id,subject_name,tutor_id,institute_id,tutor_institute_name,location,description,runtime_per_session_min,total_sessions,cost,duration,min_age,max_age,default_reviews_count,default_rating) VALUES (12,'Junior Art & Craft Explorers (Ages 5–8)',603,'Art & Craft',1003,'Art & Craft',NULL,NULL,'Little Artists Art Studio','Punggol, Singapore','Designed for children to develop fine motor skills and creativity. Sessions include themed craft projects, basic painting, and storytelling through art. All materials are provided.',75,NULL,420,'term',1,17,890,4.6);
INSERT INTO classes(id,class_name,course_id,course_name,subject_id,subject_name,tutor_id,institute_id,tutor_institute_name,location,description,runtime_per_session_min,total_sessions,cost,duration,min_age,max_age,default_reviews_count,default_rating) VALUES (13,'1-to-1 Art & Craft Coaching',603,'Art & Craft',1003,'Art & Craft',NULL,NULL,'Rachel Tan (Art Educator)','Online / Central Singapore','Personalised sessions tailored to individual interests such as sketching, acrylic painting, or craft design. Ideal for learners seeking focused guidance or portfolio development.',60,NULL,85,'session',9,17,105,4.9);
INSERT INTO classes(id,class_name,course_id,course_name,subject_id,subject_name,tutor_id,institute_id,tutor_institute_name,location,description,runtime_per_session_min,total_sessions,cost,duration,min_age,max_age,default_reviews_count,default_rating) VALUES (14,'Contemporary Art & Craft Workshop',603,'Art & Craft',1003,'Art & Craft',NULL,NULL,'NAFA Continuing Education','Bencoolen, Singapore','A workshop-style class introducing contemporary art and craft techniques. Suitable for teens and adults interested in creative exploration and hands-on artistic expression.',120,NULL,150,'workshop',15,16,460,4.5);
INSERT INTO classes(id,class_name,course_id,course_name,subject_id,subject_name,tutor_id,institute_id,tutor_institute_name,location,description,runtime_per_session_min,total_sessions,cost,duration,min_age,max_age,default_reviews_count,default_rating) VALUES (15,'Weekend Family Art & Craft Sessions',603,'Art & Craft',1003,'Art & Craft',NULL,NULL,'Goodman Arts Centre','Mountbatten, Singapore','A relaxed, family-friendly session encouraging creativity among children and parents. Features guided art and craft activities using various materials in a collaborative setting.',90,NULL,60,'session',6,18,320,4.4);
INSERT INTO classes(id,class_name,course_id,course_name,subject_id,subject_name,tutor_id,institute_id,tutor_institute_name,location,description,runtime_per_session_min,total_sessions,cost,duration,min_age,max_age,default_reviews_count,default_rating) VALUES (16,'LEGO Robotics & Coding Enrichment Programme',604,'Lego Robotics',1004,'Lego Robotics',NULL,NULL,'Robotics Learning Centre (RLC) Singapore','Bukit Timah, Singapore','A structured programme using LEGO Education kits to introduce robotics, basic coding, and problem-solving. Students build, program, and test robots through hands-on challenges.',90,NULL,520,'month',7,16,1600,4.8);
INSERT INTO classes(id,class_name,course_id,course_name,subject_id,subject_name,tutor_id,institute_id,tutor_institute_name,location,description,runtime_per_session_min,total_sessions,cost,duration,min_age,max_age,default_reviews_count,default_rating) VALUES (17,'Junior LEGO Robotics (Ages 6–9)',604,'Lego Robotics',1004,'Lego Robotics',NULL,NULL,'The Lab Singapore','Novena, Singapore','Designed for younger learners to explore basic engineering concepts using LEGO WeDo kits. Focuses on creativity, teamwork, and logical thinking through guided builds and simple programming.',75,NULL,480,'term',12,17,920,4.6);
INSERT INTO classes(id,class_name,course_id,course_name,subject_id,subject_name,tutor_id,institute_id,tutor_institute_name,location,description,runtime_per_session_min,total_sessions,cost,duration,min_age,max_age,default_reviews_count,default_rating) VALUES (18,'LEGO Mindstorms Robotics Club',604,'Lego Robotics',1004,'Lego Robotics',NULL,NULL,'Smart Science Lab Singapore','Tampines, Singapore','Intermediate-level robotics class using LEGO Mindstorms. Students learn sensors, motors, and block-based coding while solving real-world robotics challenges.',90,6,650,'session package',7,17,510,4.5);
INSERT INTO classes(id,class_name,course_id,course_name,subject_id,subject_name,tutor_id,institute_id,tutor_institute_name,location,description,runtime_per_session_min,total_sessions,cost,duration,min_age,max_age,default_reviews_count,default_rating) VALUES (19,'1-to-1 LEGO Robotics Coaching',604,'Lego Robotics',1004,'Lego Robotics',NULL,NULL,'Daniel Koh (STEM Educator)','Online / Central Singapore','Personalized coaching tailored to student skill levels and interests. Ideal for competition preparation, advanced builds, or learners who prefer individual attention.',60,NULL,95,'session',9,18,130,4.9);
INSERT INTO classes(id,class_name,course_id,course_name,subject_id,subject_name,tutor_id,institute_id,tutor_institute_name,location,description,runtime_per_session_min,total_sessions,cost,duration,min_age,max_age,default_reviews_count,default_rating) VALUES (20,'LEGO Robotics Holiday Camp',604,'Lego Robotics',1004,'Lego Robotics',NULL,NULL,'Coding Lab Singapore','Orchard Road, Singapore','An intensive holiday camp where students design, build, and program robots using LEGO kits. Emphasizes creativity, teamwork, and hands-on STEM learning in a fun environment.',180,3,320,'day camp',5,19,780,4.7);
INSERT INTO classes(id,class_name,course_id,course_name,subject_id,subject_name,tutor_id,institute_id,tutor_institute_name,location,description,runtime_per_session_min,total_sessions,cost,duration,min_age,max_age,default_reviews_count,default_rating) VALUES (21,'Comprehensive Music Enrichment Programme',605,'Music',1005,'Music',NULL,NULL,'Yamaha Music School Singapore','Plaza Singapura, Singapore','A structured music programme covering rhythm, pitch, listening skills, and basic instrument exposure. Ideal for young learners to build a strong musical foundation through interactive lessons.',90,NULL,550,'month',1,17,2100,4.7);
INSERT INTO classes(id,class_name,course_id,course_name,subject_id,subject_name,tutor_id,institute_id,tutor_institute_name,location,description,runtime_per_session_min,total_sessions,cost,duration,min_age,max_age,default_reviews_count,default_rating) VALUES (22,'Junior Piano Classes (Ages 5–9)',605,'Music',1005,'Music',NULL,NULL,'Cristofori Music School','Islandwide (Multiple Outlets)','Beginner piano lessons focusing on technique, music reading, and performance skills. Lessons are conducted in small groups with regular assessments and recital opportunities.',60,NULL,480,'term',15,17,1300,4.6);
INSERT INTO classes(id,class_name,course_id,course_name,subject_id,subject_name,tutor_id,institute_id,tutor_institute_name,location,description,runtime_per_session_min,total_sessions,cost,duration,min_age,max_age,default_reviews_count,default_rating) VALUES (23,'1-to-1 Guitar or Vocal Coaching',605,'Music',1005,'Music',NULL,NULL,'Marcus Lee (Private Music Instructor)','Online / Central Singapore','Personalized lessons tailored to individual goals, whether classical, pop, or contemporary music. Focuses on technique, expression, and confidence in performance.',45,NULL,70,'session',9,17,190,4.9);
INSERT INTO classes(id,class_name,course_id,course_name,subject_id,subject_name,tutor_id,institute_id,tutor_institute_name,location,description,runtime_per_session_min,total_sessions,cost,duration,min_age,max_age,default_reviews_count,default_rating) VALUES (24,'ABRSM Practical Exam Preparation',605,'Music',1005,'Music',NULL,NULL,'Music Concerto Singapore','Toa Payoh, Singapore','Exam-focused music training for ABRSM practical exams. Emphasizes technical proficiency, sight-reading, and musical interpretation with structured practice plans.',60,8,680,'session package',2,17,640,4.8);
INSERT INTO classes(id,class_name,course_id,course_name,subject_id,subject_name,tutor_id,institute_id,tutor_institute_name,location,description,runtime_per_session_min,total_sessions,cost,duration,min_age,max_age,default_reviews_count,default_rating) VALUES (25,'Band Performance & Music Ensemble Workshop',605,'Music',1005,'Music',NULL,NULL,'The Music Circle Singapore','Tiong Bahru, Singapore','A collaborative workshop for teens and adults to experience ensemble playing. Covers rhythm, coordination, and live performance techniques in a supportive group setting.',120,NULL,120,'workshop',10,19,420,4.5);
INSERT INTO classes(id,class_name,course_id,course_name,subject_id,subject_name,tutor_id,institute_id,tutor_institute_name,location,description,runtime_per_session_min,total_sessions,cost,duration,min_age,max_age,default_reviews_count,default_rating) VALUES (26,'Classical Ballet Foundation',606,'Dance Styles (Ballet, Hip Hop, Contemporary, etc.)',1006,'Ballet Classes (Singapore)',NULL,NULL,'Singapore Ballet Academy','Bukit Timah','Focus on posture, alignment, flexibility, and classical technique. Suitable for beginners and young dancers.',90,NULL,520,'month',10,18,1600,4.8);
INSERT INTO classes(id,class_name,course_id,course_name,subject_id,subject_name,tutor_id,institute_id,tutor_institute_name,location,description,runtime_per_session_min,total_sessions,cost,duration,min_age,max_age,default_reviews_count,default_rating) VALUES (27,'RAD Ballet Graded Training',606,'Dance Styles (Ballet, Hip Hop, Contemporary, etc.)',1006,'Ballet Classes (Singapore)',NULL,NULL,'Ballet Academy Asia','Orchard Road','Structured RAD syllabus preparation with technique and musicality training.',75,NULL,480,'term',4,19,1120,4.7);
INSERT INTO classes(id,class_name,course_id,course_name,subject_id,subject_name,tutor_id,institute_id,tutor_institute_name,location,description,runtime_per_session_min,total_sessions,cost,duration,min_age,max_age,default_reviews_count,default_rating) VALUES (28,'Pre-Primary Ballet (Ages 4–6)',606,'Dance Styles (Ballet, Hip Hop, Contemporary, etc.)',1006,'Ballet Classes (Singapore)',NULL,NULL,'Julia Gabriel Dance','Tanglin','Introduction to ballet through creative movement and music.',60,NULL,450,'term',13,16,980,4.6);
INSERT INTO classes(id,class_name,course_id,course_name,subject_id,subject_name,tutor_id,institute_id,tutor_institute_name,location,description,runtime_per_session_min,total_sessions,cost,duration,min_age,max_age,default_reviews_count,default_rating) VALUES (29,'Intermediate Ballet Technique',606,'Dance Styles (Ballet, Hip Hop, Contemporary, etc.)',1006,'Ballet Classes (Singapore)',NULL,NULL,'Danz People','Marina Square','Focuses on strength, turnout, and centre work for experienced dancers.',90,NULL,500,'month',8,16,720,4.6);
INSERT INTO classes(id,class_name,course_id,course_name,subject_id,subject_name,tutor_id,institute_id,tutor_institute_name,location,description,runtime_per_session_min,total_sessions,cost,duration,min_age,max_age,default_reviews_count,default_rating) VALUES (30,'Private Ballet Coaching',606,'Dance Styles (Ballet, Hip Hop, Contemporary, etc.)',1006,'Ballet Classes (Singapore)',NULL,NULL,'Clara Wong (Ballet Instructor)','Central SG','Personalised ballet coaching for exams, competitions, or refinement.',60,NULL,95,'session',1,18,140,4.9);
INSERT INTO classes(id,class_name,course_id,course_name,subject_id,subject_name,tutor_id,institute_id,tutor_institute_name,location,description,runtime_per_session_min,total_sessions,cost,duration,min_age,max_age,default_reviews_count,default_rating) VALUES (31,'Hip Hop Street Dance',606,'Dance Styles (Ballet, Hip Hop, Contemporary, etc.)',1007,'Hip Hop Classes (Singapore)',NULL,NULL,'O School Singapore','Orchard Road','High-energy classes focusing on grooves, musicality, and choreography.',75,NULL,420,'term',12,16,2100,4.8);
INSERT INTO classes(id,class_name,course_id,course_name,subject_id,subject_name,tutor_id,institute_id,tutor_institute_name,location,description,runtime_per_session_min,total_sessions,cost,duration,min_age,max_age,default_reviews_count,default_rating) VALUES (32,'Junior Hip Hop (Ages 7–12)',606,'Dance Styles (Ballet, Hip Hop, Contemporary, etc.)',1007,'Hip Hop Classes (Singapore)',NULL,NULL,'Legacy Dance Co.','Bugis','Builds rhythm, coordination, and confidence through fun routines.',60,NULL,380,'term',8,19,1450,4.7);
INSERT INTO classes(id,class_name,course_id,course_name,subject_id,subject_name,tutor_id,institute_id,tutor_institute_name,location,description,runtime_per_session_min,total_sessions,cost,duration,min_age,max_age,default_reviews_count,default_rating) VALUES (33,'Open-Level Hip Hop Choreo',606,'Dance Styles (Ballet, Hip Hop, Contemporary, etc.)',1007,'Hip Hop Classes (Singapore)',NULL,NULL,'The Dance Studio SG','Novena','Suitable for teens and adults exploring freestyle and choreography.',90,NULL,30,'class',10,16,980,4.5);
INSERT INTO classes(id,class_name,course_id,course_name,subject_id,subject_name,tutor_id,institute_id,tutor_institute_name,location,description,runtime_per_session_min,total_sessions,cost,duration,min_age,max_age,default_reviews_count,default_rating) VALUES (34,'Competition Hip Hop Crew',606,'Dance Styles (Ballet, Hip Hop, Contemporary, etc.)',1007,'Hip Hop Classes (Singapore)',NULL,NULL,'Converge Studios','Tai Seng','Performance-focused training for competitions and showcases.',120,NULL,650,'month',13,17,540,4.6);
INSERT INTO classes(id,class_name,course_id,course_name,subject_id,subject_name,tutor_id,institute_id,tutor_institute_name,location,description,runtime_per_session_min,total_sessions,cost,duration,min_age,max_age,default_reviews_count,default_rating) VALUES (35,'1-to-1 Hip Hop Coaching',606,'Dance Styles (Ballet, Hip Hop, Contemporary, etc.)',1007,'Hip Hop Classes (Singapore)',NULL,NULL,'Jason Tan (Dance Coach)','Central SG','Personal coaching focusing on style, musicality, and freestyle.',60,NULL,90,'session',14,19,160,4.9);
INSERT INTO classes(id,class_name,course_id,course_name,subject_id,subject_name,tutor_id,institute_id,tutor_institute_name,location,description,runtime_per_session_min,total_sessions,cost,duration,min_age,max_age,default_reviews_count,default_rating) VALUES (36,'Contemporary Technique',606,'Dance Styles (Ballet, Hip Hop, Contemporary, etc.)',1008,'Contemporary Dance Classes (Singapore)',NULL,NULL,'T.H.E Dance Company','Fort Canning','Emphasis on fluidity, strength, and expressive movement.',90,NULL,480,'month',9,17,820,4.7);
INSERT INTO classes(id,class_name,course_id,course_name,subject_id,subject_name,tutor_id,institute_id,tutor_institute_name,location,description,runtime_per_session_min,total_sessions,cost,duration,min_age,max_age,default_reviews_count,default_rating) VALUES (37,'Contemporary for Teens',606,'Dance Styles (Ballet, Hip Hop, Contemporary, etc.)',1008,'Contemporary Dance Classes (Singapore)',NULL,NULL,'Dance Ensemble SG','Novena','Develops body awareness and emotional expression through movement.',75,NULL,420,'term',12,17,610,4.6);
INSERT INTO classes(id,class_name,course_id,course_name,subject_id,subject_name,tutor_id,institute_id,tutor_institute_name,location,description,runtime_per_session_min,total_sessions,cost,duration,min_age,max_age,default_reviews_count,default_rating) VALUES (38,'Beginner Contemporary',606,'Dance Styles (Ballet, Hip Hop, Contemporary, etc.)',1008,'Contemporary Dance Classes (Singapore)',NULL,NULL,'Danz People','Marina Square','Introduces floor work, flow, and improvisation basics.',60,NULL,400,'term',13,17,540,4.5);
INSERT INTO classes(id,class_name,course_id,course_name,subject_id,subject_name,tutor_id,institute_id,tutor_institute_name,location,description,runtime_per_session_min,total_sessions,cost,duration,min_age,max_age,default_reviews_count,default_rating) VALUES (39,'Advanced Contemporary Lab',606,'Dance Styles (Ballet, Hip Hop, Contemporary, etc.)',1008,'Contemporary Dance Classes (Singapore)',NULL,NULL,'Frontier Danceland','Tiong Bahru','Performance-oriented training with choreography and improvisation.',120,NULL,600,'month',8,17,430,4.6);
INSERT INTO classes(id,class_name,course_id,course_name,subject_id,subject_name,tutor_id,institute_id,tutor_institute_name,location,description,runtime_per_session_min,total_sessions,cost,duration,min_age,max_age,default_reviews_count,default_rating) VALUES (40,'Private Contemporary Coaching',606,'Dance Styles (Ballet, Hip Hop, Contemporary, etc.)',1008,'Contemporary Dance Classes (Singapore)',NULL,NULL,'Melissa Koh','Central SG','Tailored coaching for auditions, performances, or technique growth.',60,NULL,95,'session',7,19,110,4.9);
INSERT INTO classes(id,class_name,course_id,course_name,subject_id,subject_name,tutor_id,institute_id,tutor_institute_name,location,description,runtime_per_session_min,total_sessions,cost,duration,min_age,max_age,default_reviews_count,default_rating) VALUES (41,'K-Pop Choreography Basics',606,'Dance Styles (Ballet, Hip Hop, Contemporary, etc.)',1009,'K-Pop Dance Classes (Singapore)',NULL,NULL,'Legacy Dance Co.','Bugis','Learn popular idol choreography with performance focus.',60,NULL,28,'class',12,17,1800,4.7);
INSERT INTO classes(id,class_name,course_id,course_name,subject_id,subject_name,tutor_id,institute_id,tutor_institute_name,location,description,runtime_per_session_min,total_sessions,cost,duration,min_age,max_age,default_reviews_count,default_rating) VALUES (42,'Junior K-Pop Dance',606,'Dance Styles (Ballet, Hip Hop, Contemporary, etc.)',1009,'K-Pop Dance Classes (Singapore)',NULL,NULL,'StepUp Dance Studio','Tampines','Fun, energetic routines designed for younger learners.',60,NULL,360,'term',2,18,1020,4.6);
INSERT INTO classes(id,class_name,course_id,course_name,subject_id,subject_name,tutor_id,institute_id,tutor_institute_name,location,description,runtime_per_session_min,total_sessions,cost,duration,min_age,max_age,default_reviews_count,default_rating) VALUES (43,'Open K-Pop Cover Class',606,'Dance Styles (Ballet, Hip Hop, Contemporary, etc.)',1009,'K-Pop Dance Classes (Singapore)',NULL,NULL,'O School Singapore','Orchard Road','Covers trending songs with attention to detail and style.',90,NULL,35,'class',10,16,1350,4.6);
INSERT INTO classes(id,class_name,course_id,course_name,subject_id,subject_name,tutor_id,institute_id,tutor_institute_name,location,description,runtime_per_session_min,total_sessions,cost,duration,min_age,max_age,default_reviews_count,default_rating) VALUES (44,'K-Pop Performance Team',606,'Dance Styles (Ballet, Hip Hop, Contemporary, etc.)',1009,'K-Pop Dance Classes (Singapore)',NULL,NULL,'Converge Studios','Tai Seng','Team-based training for showcases and competitions.',120,NULL,620,'month',1,18,480,4.5);
INSERT INTO classes(id,class_name,course_id,course_name,subject_id,subject_name,tutor_id,institute_id,tutor_institute_name,location,description,runtime_per_session_min,total_sessions,cost,duration,min_age,max_age,default_reviews_count,default_rating) VALUES (45,'Private K-Pop Coaching',606,'Dance Styles (Ballet, Hip Hop, Contemporary, etc.)',1009,'K-Pop Dance Classes (Singapore)',NULL,NULL,'Min Jae (Guest Instructor)','Central SG','One-to-one training focusing on performance quality and precision.',60,NULL,100,'session',8,18,95,4.9);
INSERT INTO classes(id,class_name,course_id,course_name,subject_id,subject_name,tutor_id,institute_id,tutor_institute_name,location,description,runtime_per_session_min,total_sessions,cost,duration,min_age,max_age,default_reviews_count,default_rating) VALUES (46,'Jazz Technique & Performance',606,'Dance Styles (Ballet, Hip Hop, Contemporary, etc.)',1010,'Jazz & Lyrical Dance Classes (Singapore)',NULL,NULL,'Dance Ensemble SG','Novena','Focuses on sharp technique, flexibility, and performance quality.',90,NULL,480,'month',11,17,760,4.6);
INSERT INTO classes(id,class_name,course_id,course_name,subject_id,subject_name,tutor_id,institute_id,tutor_institute_name,location,description,runtime_per_session_min,total_sessions,cost,duration,min_age,max_age,default_reviews_count,default_rating) VALUES (47,'Lyrical Dance Expression',606,'Dance Styles (Ballet, Hip Hop, Contemporary, etc.)',1010,'Jazz & Lyrical Dance Classes (Singapore)',NULL,NULL,'Danz People','Marina Square','Combines ballet and jazz with emotional storytelling.',75,NULL,420,'term',5,19,640,4.5);
INSERT INTO classes(id,class_name,course_id,course_name,subject_id,subject_name,tutor_id,institute_id,tutor_institute_name,location,description,runtime_per_session_min,total_sessions,cost,duration,min_age,max_age,default_reviews_count,default_rating) VALUES (48,'Jazz Funk Open Class',606,'Dance Styles (Ballet, Hip Hop, Contemporary, etc.)',1010,'Jazz & Lyrical Dance Classes (Singapore)',NULL,NULL,'O School Singapore','Orchard Road','High-energy jazz funk routines for teens and adults.',60,NULL,30,'class',13,17,1100,4.7);
INSERT INTO classes(id,class_name,course_id,course_name,subject_id,subject_name,tutor_id,institute_id,tutor_institute_name,location,description,runtime_per_session_min,total_sessions,cost,duration,min_age,max_age,default_reviews_count,default_rating) VALUES (49,'Teen Jazz & Lyrical',606,'Dance Styles (Ballet, Hip Hop, Contemporary, etc.)',1010,'Jazz & Lyrical Dance Classes (Singapore)',NULL,NULL,'StepUp Dance Studio','Serangoon','Builds confidence, musicality, and expressive movement.',75,NULL,400,'term',10,16,520,4.4);
INSERT INTO classes(id,class_name,course_id,course_name,subject_id,subject_name,tutor_id,institute_id,tutor_institute_name,location,description,runtime_per_session_min,total_sessions,cost,duration,min_age,max_age,default_reviews_count,default_rating) VALUES (50,'Private Jazz & Lyrical Coaching',606,'Dance Styles (Ballet, Hip Hop, Contemporary, etc.)',1010,'Jazz & Lyrical Dance Classes (Singapore)',NULL,NULL,'Amanda Lee','Central SG','Personalised training for competitions and stage performance.',60,NULL,90,'session',3,16,130,4.9);
INSERT INTO classes(id,class_name,course_id,course_name,subject_id,subject_name,tutor_id,institute_id,tutor_institute_name,location,description,runtime_per_session_min,total_sessions,cost,duration,min_age,max_age,default_reviews_count,default_rating) VALUES (51,'Primary & Secondary Math Mastery',607,'Academic Tuitions (Math, Science, English, etc.)',1011,'Mathematics Tuition (Singapore)',NULL,NULL,'The Learning Lab','Bukit Timah','Covers MOE syllabus with strong focus on problem-solving and exam techniques.',90,NULL,520,'month',14,19,2300,4.8);
INSERT INTO classes(id,class_name,course_id,course_name,subject_id,subject_name,tutor_id,institute_id,tutor_institute_name,location,description,runtime_per_session_min,total_sessions,cost,duration,min_age,max_age,default_reviews_count,default_rating) VALUES (52,'PSLE Math Excellence',607,'Academic Tuitions (Math, Science, English, etc.)',1011,'Mathematics Tuition (Singapore)',NULL,NULL,'Mind Stretcher Education','Islandwide','Structured approach to heuristics, word problems, and exam readiness.',75,NULL,480,'month',6,16,1980,4.7);
INSERT INTO classes(id,class_name,course_id,course_name,subject_id,subject_name,tutor_id,institute_id,tutor_institute_name,location,description,runtime_per_session_min,total_sessions,cost,duration,min_age,max_age,default_reviews_count,default_rating) VALUES (53,'O-Level & A-Level Mathematics',607,'Academic Tuitions (Math, Science, English, etc.)',1011,'Mathematics Tuition (Singapore)',NULL,NULL,'Indigo Education Centre','Bishan','Advanced concepts taught with step-by-step clarity and practice.',90,NULL,560,'month',13,17,740,4.6);
INSERT INTO classes(id,class_name,course_id,course_name,subject_id,subject_name,tutor_id,institute_id,tutor_institute_name,location,description,runtime_per_session_min,total_sessions,cost,duration,min_age,max_age,default_reviews_count,default_rating) VALUES (54,'Small Group Math Tuition',607,'Academic Tuitions (Math, Science, English, etc.)',1011,'Mathematics Tuition (Singapore)',NULL,NULL,'Bright Minds Tuition','Tampines','Small class sizes with personalised attention for concept mastery.',60,NULL,380,'month',4,18,520,4.5);
INSERT INTO classes(id,class_name,course_id,course_name,subject_id,subject_name,tutor_id,institute_id,tutor_institute_name,location,description,runtime_per_session_min,total_sessions,cost,duration,min_age,max_age,default_reviews_count,default_rating) VALUES (55,'1-to-1 Math Coaching',607,'Academic Tuitions (Math, Science, English, etc.)',1011,'Mathematics Tuition (Singapore)',NULL,NULL,'Daniel Lim (MOE-trained Tutor)','Online / Central SG','Personalised coaching for weak areas, exam prep, and confidence building.',60,NULL,85,'session',4,19,160,4.9);
INSERT INTO classes(id,class_name,course_id,course_name,subject_id,subject_name,tutor_id,institute_id,tutor_institute_name,location,description,runtime_per_session_min,total_sessions,cost,duration,min_age,max_age,default_reviews_count,default_rating) VALUES (56,'Primary & Lower Sec Science',607,'Academic Tuitions (Math, Science, English, etc.)',1012,'Science Tuition (Singapore)',NULL,NULL,'Learning Point SG','Clementi','Focus on concepts, experiments, and answering techniques.',90,NULL,500,'month',13,18,1620,4.7);
INSERT INTO classes(id,class_name,course_id,course_name,subject_id,subject_name,tutor_id,institute_id,tutor_institute_name,location,description,runtime_per_session_min,total_sessions,cost,duration,min_age,max_age,default_reviews_count,default_rating) VALUES (57,'PSLE Science Mastery',607,'Academic Tuitions (Math, Science, English, etc.)',1012,'Science Tuition (Singapore)',NULL,NULL,'Ace Scorers Academy','Ang Mo Kio','Strengthens scientific reasoning and open-ended questions.',75,NULL,480,'month',15,16,1420,4.6);
INSERT INTO classes(id,class_name,course_id,course_name,subject_id,subject_name,tutor_id,institute_id,tutor_institute_name,location,description,runtime_per_session_min,total_sessions,cost,duration,min_age,max_age,default_reviews_count,default_rating) VALUES (58,'O-Level Physics & Chemistry',607,'Academic Tuitions (Math, Science, English, etc.)',1012,'Science Tuition (Singapore)',NULL,NULL,'EduEdge Tuition Centre','Toa Payoh','Exam-focused tuition with structured notes and practice.',90,NULL,560,'month',13,19,680,4.6);
INSERT INTO classes(id,class_name,course_id,course_name,subject_id,subject_name,tutor_id,institute_id,tutor_institute_name,location,description,runtime_per_session_min,total_sessions,cost,duration,min_age,max_age,default_reviews_count,default_rating) VALUES (59,'Integrated Science (Lower Sec)',607,'Academic Tuitions (Math, Science, English, etc.)',1012,'Science Tuition (Singapore)',NULL,NULL,'Bright Spark Tuition','Punggol','Builds strong fundamentals across physics, chemistry, and biology.',60,NULL,400,'month',14,16,510,4.5);
INSERT INTO classes(id,class_name,course_id,course_name,subject_id,subject_name,tutor_id,institute_id,tutor_institute_name,location,description,runtime_per_session_min,total_sessions,cost,duration,min_age,max_age,default_reviews_count,default_rating) VALUES (60,'1-to-1 Science Tuition',607,'Academic Tuitions (Math, Science, English, etc.)',1012,'Science Tuition (Singapore)',NULL,NULL,'Rachel Ng (Science Specialist)','Online / East SG','Tailored lessons for concept gaps and exam preparation.',60,NULL,90,'session',15,18,140,4.9);
INSERT INTO classes(id,class_name,course_id,course_name,subject_id,subject_name,tutor_id,institute_id,tutor_institute_name,location,description,runtime_per_session_min,total_sessions,cost,duration,min_age,max_age,default_reviews_count,default_rating) VALUES (61,'Primary English Excellence',607,'Academic Tuitions (Math, Science, English, etc.)',1013,'English Tuition (Singapore)',NULL,NULL,'The Learning Lab','Bukit Timah','Focus on grammar, comprehension, and writing skills.',90,NULL,520,'month',7,16,2100,4.8);
INSERT INTO classes(id,class_name,course_id,course_name,subject_id,subject_name,tutor_id,institute_id,tutor_institute_name,location,description,runtime_per_session_min,total_sessions,cost,duration,min_age,max_age,default_reviews_count,default_rating) VALUES (62,'PSLE English Mastery',607,'Academic Tuitions (Math, Science, English, etc.)',1013,'English Tuition (Singapore)',NULL,NULL,'Write Edge Singapore','Islandwide','Specialises in composition writing and comprehension strategies.',75,NULL,500,'month',10,19,1850,4.7);
INSERT INTO classes(id,class_name,course_id,course_name,subject_id,subject_name,tutor_id,institute_id,tutor_institute_name,location,description,runtime_per_session_min,total_sessions,cost,duration,min_age,max_age,default_reviews_count,default_rating) VALUES (63,'Secondary English Language Skills',607,'Academic Tuitions (Math, Science, English, etc.)',1013,'English Tuition (Singapore)',NULL,NULL,'Indigo Education Centre','Bishan','Covers MOE syllabus with emphasis on critical thinking and writing.',90,NULL,540,'month',9,16,690,4.6);
INSERT INTO classes(id,class_name,course_id,course_name,subject_id,subject_name,tutor_id,institute_id,tutor_institute_name,location,description,runtime_per_session_min,total_sessions,cost,duration,min_age,max_age,default_reviews_count,default_rating) VALUES (64,'Small Group English Tuition',607,'Academic Tuitions (Math, Science, English, etc.)',1013,'English Tuition (Singapore)',NULL,NULL,'Bright Minds Tuition','Jurong East','Focuses on speaking, listening, and writing confidence.',60,NULL,380,'month',9,17,540,4.5);
INSERT INTO classes(id,class_name,course_id,course_name,subject_id,subject_name,tutor_id,institute_id,tutor_institute_name,location,description,runtime_per_session_min,total_sessions,cost,duration,min_age,max_age,default_reviews_count,default_rating) VALUES (65,'1-to-1 English Coaching',607,'Academic Tuitions (Math, Science, English, etc.)',1013,'English Tuition (Singapore)',NULL,NULL,'Amanda Lee (Ex-MOE Teacher)','Online / Central SG','Personalised support for weak areas and exam preparation',60,NULL,90,'session',6,17,170,4.9);
INSERT INTO classes(id,class_name,course_id,course_name,subject_id,subject_name,tutor_id,institute_id,tutor_institute_name,location,description,runtime_per_session_min,total_sessions,cost,duration,min_age,max_age,default_reviews_count,default_rating) VALUES (66,'Primary Mandarin Mastery',607,'Academic Tuitions (Math, Science, English, etc.)',1014,'Mandarin Tuition (Singapore)',NULL,NULL,'Hua Cheng Education Centre','Thomson','Strengthens vocabulary, comprehension, and oral skills.',90,NULL,500,'month',4,16,1780,4.7);
INSERT INTO classes(id,class_name,course_id,course_name,subject_id,subject_name,tutor_id,institute_id,tutor_institute_name,location,description,runtime_per_session_min,total_sessions,cost,duration,min_age,max_age,default_reviews_count,default_rating) VALUES (67,'PSLE Higher Chinese',607,'Academic Tuitions (Math, Science, English, etc.)',1014,'Mandarin Tuition (Singapore)',NULL,NULL,'Berries World of Learning School','Islandwide','Specialised programme for Higher Chinese learners.',75,NULL,520,'month',14,17,2300,4.8);
INSERT INTO classes(id,class_name,course_id,course_name,subject_id,subject_name,tutor_id,institute_id,tutor_institute_name,location,description,runtime_per_session_min,total_sessions,cost,duration,min_age,max_age,default_reviews_count,default_rating) VALUES (68,'Secondary Chinese Language',607,'Academic Tuitions (Math, Science, English, etc.)',1014,'Mandarin Tuition (Singapore)',NULL,NULL,'EduFirst Learning Centre','Woodlands','Focus on composition, comprehension, and oral exams.',90,NULL,540,'month',5,19,720,4.6);
INSERT INTO classes(id,class_name,course_id,course_name,subject_id,subject_name,tutor_id,institute_id,tutor_institute_name,location,description,runtime_per_session_min,total_sessions,cost,duration,min_age,max_age,default_reviews_count,default_rating) VALUES (69,'Conversational Mandarin (Students)',607,'Academic Tuitions (Math, Science, English, etc.)',1014,'Mandarin Tuition (Singapore)',NULL,NULL,'Chinese Bridge Academy','Bishan','Improves spoken Mandarin confidence and daily usage.',60,NULL,400,'month',12,17,510,4.5);
INSERT INTO classes(id,class_name,course_id,course_name,subject_id,subject_name,tutor_id,institute_id,tutor_institute_name,location,description,runtime_per_session_min,total_sessions,cost,duration,min_age,max_age,default_reviews_count,default_rating) VALUES (70,'1-to-1 Mandarin Tuition',607,'Academic Tuitions (Math, Science, English, etc.)',1014,'Mandarin Tuition (Singapore)',NULL,NULL,'Zhang Min (Native Tutor)','Online / Central SG','Personalised lessons for exams, oral practice, and confidence.',60,NULL,95,'session',6,19,150,4.9);
INSERT INTO classes(id,class_name,course_id,course_name,subject_id,subject_name,tutor_id,institute_id,tutor_institute_name,location,description,runtime_per_session_min,total_sessions,cost,duration,min_age,max_age,default_reviews_count,default_rating) VALUES (71,'French for Beginners (A1–A2)',608,'Languages (French, Spanish, etc.)',1015,'French Language Classes (Singapore)',NULL,NULL,'Alliance Française de Singapour','Newton','Covers basic grammar, speaking, and listening with native instructors.',90,NULL,520,'term',15,19,1950,4.8);
INSERT INTO classes(id,class_name,course_id,course_name,subject_id,subject_name,tutor_id,institute_id,tutor_institute_name,location,description,runtime_per_session_min,total_sessions,cost,duration,min_age,max_age,default_reviews_count,default_rating) VALUES (72,'Conversational French',608,'Languages (French, Spanish, etc.)',1015,'French Language Classes (Singapore)',NULL,NULL,'French Toast Language Centre','Orchard Road','Focuses on real-life conversations, pronunciation, and confidence.',75,NULL,480,'term',13,18,860,4.6);
INSERT INTO classes(id,class_name,course_id,course_name,subject_id,subject_name,tutor_id,institute_id,tutor_institute_name,location,description,runtime_per_session_min,total_sessions,cost,duration,min_age,max_age,default_reviews_count,default_rating) VALUES (73,'Secondary School French Tuition',608,'Languages (French, Spanish, etc.)',1015,'French Language Classes (Singapore)',NULL,NULL,'Indigo Education Centre','Bishan','Supports MOE syllabus students with grammar and exam preparation.',90,NULL,540,'month',9,17,520,4.5);
INSERT INTO classes(id,class_name,course_id,course_name,subject_id,subject_name,tutor_id,institute_id,tutor_institute_name,location,description,runtime_per_session_min,total_sessions,cost,duration,min_age,max_age,default_reviews_count,default_rating) VALUES (74,'French for Travel & Work',608,'Languages (French, Spanish, etc.)',1015,'French Language Classes (Singapore)',NULL,NULL,'Berlitz Singapore','Raffles Place','Practical language skills for professionals and travellers.',60,NULL,90,'session',14,19,740,4.6);
INSERT INTO classes(id,class_name,course_id,course_name,subject_id,subject_name,tutor_id,institute_id,tutor_institute_name,location,description,runtime_per_session_min,total_sessions,cost,duration,min_age,max_age,default_reviews_count,default_rating) VALUES (75,'1-to-1 French Coaching',608,'Languages (French, Spanish, etc.)',1015,'French Language Classes (Singapore)',NULL,NULL,'Pierre Laurent (Native Tutor)','Online / Central SG','Personalised lessons focusing on speaking fluency and accuracy.',60,NULL,95,'session',15,19,130,4.9);
INSERT INTO classes(id,class_name,course_id,course_name,subject_id,subject_name,tutor_id,institute_id,tutor_institute_name,location,description,runtime_per_session_min,total_sessions,cost,duration,min_age,max_age,default_reviews_count,default_rating) VALUES (76,'Spanish for Beginners',608,'Languages (French, Spanish, etc.)',1016,'Spanish Language Classes (Singapore)',NULL,NULL,'Instituto Cervantes Singapore','Dhoby Ghaut','Introduces grammar, vocabulary, and cultural context.',90,NULL,550,'term',6,17,1420,4.8);
INSERT INTO classes(id,class_name,course_id,course_name,subject_id,subject_name,tutor_id,institute_id,tutor_institute_name,location,description,runtime_per_session_min,total_sessions,cost,duration,min_age,max_age,default_reviews_count,default_rating) VALUES (77,'Conversational Spanish',608,'Languages (French, Spanish, etc.)',1016,'Spanish Language Classes (Singapore)',NULL,NULL,'Spanish World SG','Tanjong Pagar','Focuses on speaking and listening through interactive activities.',75,NULL,480,'term',13,19,780,4.6);
INSERT INTO classes(id,class_name,course_id,course_name,subject_id,subject_name,tutor_id,institute_id,tutor_institute_name,location,description,runtime_per_session_min,total_sessions,cost,duration,min_age,max_age,default_reviews_count,default_rating) VALUES (78,'Spanish for Teens',608,'Languages (French, Spanish, etc.)',1016,'Spanish Language Classes (Singapore)',NULL,NULL,'Language Works SG','Bukit Timah','Designed for secondary students learning a third language.',60,NULL,420,'term',3,17,460,4.5);
INSERT INTO classes(id,class_name,course_id,course_name,subject_id,subject_name,tutor_id,institute_id,tutor_institute_name,location,description,runtime_per_session_min,total_sessions,cost,duration,min_age,max_age,default_reviews_count,default_rating) VALUES (79,'Business Spanish Basics',608,'Languages (French, Spanish, etc.)',1016,'Spanish Language Classes (Singapore)',NULL,NULL,'Berlitz Singapore','Raffles Place','Covers workplace communication and professional vocabulary.',60,NULL,95,'session',8,18,690,4.6);
INSERT INTO classes(id,class_name,course_id,course_name,subject_id,subject_name,tutor_id,institute_id,tutor_institute_name,location,description,runtime_per_session_min,total_sessions,cost,duration,min_age,max_age,default_reviews_count,default_rating) VALUES (80,'1-to-1 Spanish Coaching',608,'Languages (French, Spanish, etc.)',1016,'Spanish Language Classes (Singapore)',NULL,NULL,'Maria Gomez (Native Tutor)','Online / Central SG','Tailored coaching for fluency, exams, or travel needs.',60,NULL,90,'session',13,18,120,4.9);
INSERT INTO classes(id,class_name,course_id,course_name,subject_id,subject_name,tutor_id,institute_id,tutor_institute_name,location,description,runtime_per_session_min,total_sessions,cost,duration,min_age,max_age,default_reviews_count,default_rating) VALUES (81,'Japanese for Beginners',608,'Languages (French, Spanish, etc.)',1017,'Japanese Language Classes (Singapore)',NULL,NULL,'Japanese Cultural Society SG','Orchard Road','Introduces Hiragana, Katakana, and basic conversation.',90,NULL,520,'term',5,18,1680,4.7);
INSERT INTO classes(id,class_name,course_id,course_name,subject_id,subject_name,tutor_id,institute_id,tutor_institute_name,location,description,runtime_per_session_min,total_sessions,cost,duration,min_age,max_age,default_reviews_count,default_rating) VALUES (82,'Conversational Japanese',608,'Languages (French, Spanish, etc.)',1017,'Japanese Language Classes (Singapore)',NULL,NULL,'Bunka Language School','Novena','Focus on daily conversation and listening skills.',75,NULL,480,'term',12,16,940,4.6);
INSERT INTO classes(id,class_name,course_id,course_name,subject_id,subject_name,tutor_id,institute_id,tutor_institute_name,location,description,runtime_per_session_min,total_sessions,cost,duration,min_age,max_age,default_reviews_count,default_rating) VALUES (83,'JLPT Exam Preparation (N5–N3)',608,'Languages (French, Spanish, etc.)',1017,'Japanese Language Classes (Singapore)',NULL,NULL,'Ikoma Language School','Bugis','Structured preparation for JLPT exams with practice tests.',90,NULL,560,'term',5,17,1220,4.8);
INSERT INTO classes(id,class_name,course_id,course_name,subject_id,subject_name,tutor_id,institute_id,tutor_institute_name,location,description,runtime_per_session_min,total_sessions,cost,duration,min_age,max_age,default_reviews_count,default_rating) VALUES (84,'Japanese for Working Adults',608,'Languages (French, Spanish, etc.)',1017,'Japanese Language Classes (Singapore)',NULL,NULL,'Berlitz Singapore','Raffles Place','Practical communication skills for business and travel.',60,NULL,100,'session',11,16,710,4.6);
INSERT INTO classes(id,class_name,course_id,course_name,subject_id,subject_name,tutor_id,institute_id,tutor_institute_name,location,description,runtime_per_session_min,total_sessions,cost,duration,min_age,max_age,default_reviews_count,default_rating) VALUES (85,'1-to-1 Japanese Coaching',608,'Languages (French, Spanish, etc.)',1017,'Japanese Language Classes (Singapore)',NULL,NULL,'Sato Yuki (Native Tutor)','Online / Central SG','Personalised lessons focused on speaking and exam readiness.',60,NULL,95,'session',5,17,150,4.9);
INSERT INTO classes(id,class_name,course_id,course_name,subject_id,subject_name,tutor_id,institute_id,tutor_institute_name,location,description,runtime_per_session_min,total_sessions,cost,duration,min_age,max_age,default_reviews_count,default_rating) VALUES (86,'Mandarin for Beginners',608,'Languages (French, Spanish, etc.)',1018,'Mandarin Language Classes (Singapore)',NULL,NULL,'Hua Language Centre','Toa Payoh','Focuses on pronunciation, vocabulary, and daily conversation.',90,NULL,500,'term',8,19,1720,4.7);
INSERT INTO classes(id,class_name,course_id,course_name,subject_id,subject_name,tutor_id,institute_id,tutor_institute_name,location,description,runtime_per_session_min,total_sessions,cost,duration,min_age,max_age,default_reviews_count,default_rating) VALUES (87,'Conversational Mandarin',608,'Languages (French, Spanish, etc.)',1018,'Mandarin Language Classes (Singapore)',NULL,NULL,'Chinese Bridge Academy','Bishan','Improves fluency through role-play and practical speaking.',75,NULL,480,'term',6,16,890,4.6);
INSERT INTO classes(id,class_name,course_id,course_name,subject_id,subject_name,tutor_id,institute_id,tutor_institute_name,location,description,runtime_per_session_min,total_sessions,cost,duration,min_age,max_age,default_reviews_count,default_rating) VALUES (88,'Business Mandarin',608,'Languages (French, Spanish, etc.)',1018,'Mandarin Language Classes (Singapore)',NULL,NULL,'Confucius Institute SG','Kent Ridge','Covers professional vocabulary and workplace communication.',90,NULL,550,'term',6,19,1150,4.7);
INSERT INTO classes(id,class_name,course_id,course_name,subject_id,subject_name,tutor_id,institute_id,tutor_institute_name,location,description,runtime_per_session_min,total_sessions,cost,duration,min_age,max_age,default_reviews_count,default_rating) VALUES (89,'Mandarin for Teens',608,'Languages (French, Spanish, etc.)',1018,'Mandarin Language Classes (Singapore)',NULL,NULL,'EduFirst Learning Centre','Woodlands','Supports school learners with speaking and comprehension.',60,NULL,420,'term',14,16,520,4.5);
INSERT INTO classes(id,class_name,course_id,course_name,subject_id,subject_name,tutor_id,institute_id,tutor_institute_name,location,description,runtime_per_session_min,total_sessions,cost,duration,min_age,max_age,default_reviews_count,default_rating) VALUES (90,'1-to-1 Mandarin Coaching',608,'Languages (French, Spanish, etc.)',1018,'Mandarin Language Classes (Singapore)',NULL,NULL,'Li Wen (Native Tutor)','Online / Central SG','Tailored lessons for fluency, exams, and confidence building.',60,NULL,95,'session',14,19,160,4.9);
INSERT INTO classes(id,class_name,course_id,course_name,subject_id,subject_name,tutor_id,institute_id,tutor_institute_name,location,description,runtime_per_session_min,total_sessions,cost,duration,min_age,max_age,default_reviews_count,default_rating) VALUES (91,'Phonics & Reading Foundations',609,'Phonics & Early Literacy Classes (Singapore)',1019,'Phonics & Early Literacy Classes (Singapore)',NULL,NULL,'Julia Gabriel Centre Singapore','Forum The Shopping Mall','A play-based programme introducing letter sounds, blending, and early reading skills. Designed to build confidence and a love for language in young learners.',75,NULL,520,'term',7,17,2450,4.8);
INSERT INTO classes(id,class_name,course_id,course_name,subject_id,subject_name,tutor_id,institute_id,tutor_institute_name,location,description,runtime_per_session_min,total_sessions,cost,duration,min_age,max_age,default_reviews_count,default_rating) VALUES (92,'Jolly Phonics Early Literacy Programme',609,'Phonics & Early Literacy Classes (Singapore)',1019,'Phonics & Early Literacy Classes (Singapore)',NULL,NULL,'MindChamps Preschool Enrichment','Islandwide','Uses the Jolly Phonics approach to teach sound recognition, blending, and basic writing skills through songs and activities.',60,NULL,480,'term',4,16,1980,4.7);
INSERT INTO classes(id,class_name,course_id,course_name,subject_id,subject_name,tutor_id,institute_id,tutor_institute_name,location,description,runtime_per_session_min,total_sessions,cost,duration,min_age,max_age,default_reviews_count,default_rating) VALUES (93,'Read & Spell Phonics Class (Ages 4–6)',609,'Phonics & Early Literacy Classes (Singapore)',1019,'Phonics & Early Literacy Classes (Singapore)',NULL,NULL,'Learning Vision Enrichment','Bishan','Focuses on phonemic awareness, decoding, and early spelling. Lessons are structured yet engaging, with multi-sensory activities.',60,NULL,450,'term',11,19,1120,4.6);
INSERT INTO classes(id,class_name,course_id,course_name,subject_id,subject_name,tutor_id,institute_id,tutor_institute_name,location,description,runtime_per_session_min,total_sessions,cost,duration,min_age,max_age,default_reviews_count,default_rating) VALUES (94,'Early Literacy & Reading Readiness',609,'Phonics & Early Literacy Classes (Singapore)',1019,'Phonics & Early Literacy Classes (Singapore)',NULL,NULL,'Busy Bees Learning Centre','Tampines','Builds foundational reading skills through storytelling, phonics games, and guided reading. Suitable for preschoolers preparing for Primary 1.',75,NULL,420,'term',10,16,860,4.5);
INSERT INTO classes(id,class_name,course_id,course_name,subject_id,subject_name,tutor_id,institute_id,tutor_institute_name,location,description,runtime_per_session_min,total_sessions,cost,duration,min_age,max_age,default_reviews_count,default_rating) VALUES (95,'1-to-1 Phonics Coaching',609,'Phonics & Early Literacy Classes (Singapore)',1019,'Phonics & Early Literacy Classes (Singapore)',NULL,NULL,'Amanda Tan (Early Literacy Specialist)','Online / Central SG','Personalised phonics and reading support for young children. Ideal for learners who need targeted help with pronunciation, blending, and reading confidence.',45,NULL,80,'session',8,17,190,4.9);
INSERT INTO classes(id,class_name,course_id,course_name,subject_id,subject_name,tutor_id,institute_id,tutor_institute_name,location,description,runtime_per_session_min,total_sessions,cost,duration,min_age,max_age,default_reviews_count,default_rating) VALUES (96,'Junior Football Development Programme',610,'Sports Coaching - Football, Badminton, Swimming, Basketball, Athletics / Running',1020,'Football/Soccer Coaching (Singapore)',NULL,NULL,'ActiveSG Football Academy','Islandwide','Structured grassroots football training focusing on skills, teamwork, and fitness.',90,NULL,120,'month',9,19,2800,4.7);
INSERT INTO classes(id,class_name,course_id,course_name,subject_id,subject_name,tutor_id,institute_id,tutor_institute_name,location,description,runtime_per_session_min,total_sessions,cost,duration,min_age,max_age,default_reviews_count,default_rating) VALUES (97,'Youth Elite Football Training',610,'Sports Coaching - Football, Badminton, Swimming, Basketball, Athletics / Running',1020,'Football/Soccer Coaching (Singapore)',NULL,NULL,'JSSL Singapore','Turf City','Competitive programme for aspiring footballers with league exposure.',120,NULL,380,'month',1,16,1950,4.8);
INSERT INTO classes(id,class_name,course_id,course_name,subject_id,subject_name,tutor_id,institute_id,tutor_institute_name,location,description,runtime_per_session_min,total_sessions,cost,duration,min_age,max_age,default_reviews_count,default_rating) VALUES (98,'Kids Football Basics (Ages 4–7)',610,'Sports Coaching - Football, Badminton, Swimming, Basketball, Athletics / Running',1020,'Football/Soccer Coaching (Singapore)',NULL,NULL,'LFA Football Academy','Bukit Timah','Fun-based introduction to football fundamentals and coordination.',60,NULL,160,'month',9,17,1420,4.6);
INSERT INTO classes(id,class_name,course_id,course_name,subject_id,subject_name,tutor_id,institute_id,tutor_institute_name,location,description,runtime_per_session_min,total_sessions,cost,duration,min_age,max_age,default_reviews_count,default_rating) VALUES (99,'Technical Skills Football Clinic',610,'Sports Coaching - Football, Badminton, Swimming, Basketball, Athletics / Running',1020,'Football/Soccer Coaching (Singapore)',NULL,NULL,'ESPZEN Soccer School','Kallang','Focuses on ball mastery, passing, and tactical awareness.',90,NULL,80,'session',5,16,890,4.6);
INSERT INTO classes(id,class_name,course_id,course_name,subject_id,subject_name,tutor_id,institute_id,tutor_institute_name,location,description,runtime_per_session_min,total_sessions,cost,duration,min_age,max_age,default_reviews_count,default_rating) VALUES (100,'1-to-1 Football Coaching',610,'Sports Coaching - Football, Badminton, Swimming, Basketball, Athletics / Running',1020,'Football/Soccer Coaching (Singapore)',NULL,NULL,'Coach Rahman (Former Semi-Pro)','Central SG','Personalised coaching for skill improvement and match readiness.',60,NULL,90,'session',10,18,210,4.9);
INSERT INTO classes(id,class_name,course_id,course_name,subject_id,subject_name,tutor_id,institute_id,tutor_institute_name,location,description,runtime_per_session_min,total_sessions,cost,duration,min_age,max_age,default_reviews_count,default_rating) VALUES (101,'Junior Badminton Training',610,'Sports Coaching - Football, Badminton, Swimming, Basketball, Athletics / Running',1021,'Badminton Coaching (Singapore)',NULL,NULL,'ActiveSG Badminton Academy','Islandwide','Covers footwork, strokes, and match play fundamentals.',90,NULL,130,'month',11,17,2200,4.7);
INSERT INTO classes(id,class_name,course_id,course_name,subject_id,subject_name,tutor_id,institute_id,tutor_institute_name,location,description,runtime_per_session_min,total_sessions,cost,duration,min_age,max_age,default_reviews_count,default_rating) VALUES (102,'Competitive Badminton Programme',610,'Sports Coaching - Football, Badminton, Swimming, Basketball, Athletics / Running',1021,'Badminton Coaching (Singapore)',NULL,NULL,'Grace Badminton Academy','Tampines','Intensive training for tournament-level players.',120,NULL,360,'month',6,17,1480,4.8);
INSERT INTO classes(id,class_name,course_id,course_name,subject_id,subject_name,tutor_id,institute_id,tutor_institute_name,location,description,runtime_per_session_min,total_sessions,cost,duration,min_age,max_age,default_reviews_count,default_rating) VALUES (103,'Beginner Badminton Class',610,'Sports Coaching - Football, Badminton, Swimming, Basketball, Athletics / Running',1021,'Badminton Coaching (Singapore)',NULL,NULL,'Alpha Badminton Academy','Bishan','Ideal for beginners learning basic techniques and rules.',60,NULL,150,'month',10,19,920,4.6);
INSERT INTO classes(id,class_name,course_id,course_name,subject_id,subject_name,tutor_id,institute_id,tutor_institute_name,location,description,runtime_per_session_min,total_sessions,cost,duration,min_age,max_age,default_reviews_count,default_rating) VALUES (104,'Adult Recreational Badminton',610,'Sports Coaching - Football, Badminton, Swimming, Basketball, Athletics / Running',1021,'Badminton Coaching (Singapore)',NULL,NULL,'ShuttlePro SG','Jurong East','Casual group sessions focused on fitness and friendly games.',90,NULL,30,'session',7,16,640,4.5);
INSERT INTO classes(id,class_name,course_id,course_name,subject_id,subject_name,tutor_id,institute_id,tutor_institute_name,location,description,runtime_per_session_min,total_sessions,cost,duration,min_age,max_age,default_reviews_count,default_rating) VALUES (105,'1-to-1 Badminton Coaching',610,'Sports Coaching - Football, Badminton, Swimming, Basketball, Athletics / Running',1021,'Badminton Coaching (Singapore)',NULL,NULL,'Coach Kelvin Tan','East SG','Tailored coaching to improve technique and strategy.',60,NULL,85,'session',7,17,180,4.9);
INSERT INTO classes(id,class_name,course_id,course_name,subject_id,subject_name,tutor_id,institute_id,tutor_institute_name,location,description,runtime_per_session_min,total_sessions,cost,duration,min_age,max_age,default_reviews_count,default_rating) VALUES (106,'SwimSafer Programme (Kids)',610,'Sports Coaching - Football, Badminton, Swimming, Basketball, Athletics / Running',1022,'Swimming Coaching (Singapore)',NULL,NULL,'ActiveSG Swim Academy','Islandwide Pools','National SwimSafer programme focusing on water safety and fundamentals.',60,NULL,120,'month',3,16,3500,4.8);
INSERT INTO classes(id,class_name,course_id,course_name,subject_id,subject_name,tutor_id,institute_id,tutor_institute_name,location,description,runtime_per_session_min,total_sessions,cost,duration,min_age,max_age,default_reviews_count,default_rating) VALUES (107,'Learn-to-Swim (All Ages)',610,'Sports Coaching - Football, Badminton, Swimming, Basketball, Athletics / Running',1022,'Swimming Coaching (Singapore)',NULL,NULL,'Marsden Swim School','Condo / Public Pools','Small-group swimming lessons for beginners.',45,NULL,160,'month',14,18,1980,4.7);
INSERT INTO classes(id,class_name,course_id,course_name,subject_id,subject_name,tutor_id,institute_id,tutor_institute_name,location,description,runtime_per_session_min,total_sessions,cost,duration,min_age,max_age,default_reviews_count,default_rating) VALUES (108,'Competitive Swim Training',610,'Sports Coaching - Football, Badminton, Swimming, Basketball, Athletics / Running',1022,'Swimming Coaching (Singapore)',NULL,NULL,'Fast Swim Academy','Bukit Batok','Advanced training for swim meets and performance improvement.',90,NULL,380,'month',11,16,1220,4.8);
INSERT INTO classes(id,class_name,course_id,course_name,subject_id,subject_name,tutor_id,institute_id,tutor_institute_name,location,description,runtime_per_session_min,total_sessions,cost,duration,min_age,max_age,default_reviews_count,default_rating) VALUES (109,'Adult Swimming Lessons',610,'Sports Coaching - Football, Badminton, Swimming, Basketball, Athletics / Running',1022,'Swimming Coaching (Singapore)',NULL,NULL,'HydroSplash SG','Central SG','Builds confidence and technique for adult learners.',60,NULL,70,'session',9,18,860,4.6);
INSERT INTO classes(id,class_name,course_id,course_name,subject_id,subject_name,tutor_id,institute_id,tutor_institute_name,location,description,runtime_per_session_min,total_sessions,cost,duration,min_age,max_age,default_reviews_count,default_rating) VALUES (110,'1-to-1 Private Swim Coaching',610,'Sports Coaching - Football, Badminton, Swimming, Basketball, Athletics / Running',1022,'Swimming Coaching (Singapore)',NULL,NULL,'Coach Adrian Lim','Islandwide','Personalised private lessons at client pools.',45,NULL,90,'session',11,18,260,4.9);
INSERT INTO classes(id,class_name,course_id,course_name,subject_id,subject_name,tutor_id,institute_id,tutor_institute_name,location,description,runtime_per_session_min,total_sessions,cost,duration,min_age,max_age,default_reviews_count,default_rating) VALUES (111,'Junior Basketball Development',610,'Sports Coaching - Football, Badminton, Swimming, Basketball, Athletics / Running',1023,'Basketball Coaching (Singapore)',NULL,NULL,'ActiveSG Basketball Academy','Islandwide','Focus on fundamentals, teamwork, and game play.',90,NULL,140,'month',6,18,2100,4.7);
INSERT INTO classes(id,class_name,course_id,course_name,subject_id,subject_name,tutor_id,institute_id,tutor_institute_name,location,description,runtime_per_session_min,total_sessions,cost,duration,min_age,max_age,default_reviews_count,default_rating) VALUES (112,'Competitive Youth Basketball',610,'Sports Coaching - Football, Badminton, Swimming, Basketball, Athletics / Running',1023,'Basketball Coaching (Singapore)',NULL,NULL,'Titans Basketball Academy','Bukit Merah','High-intensity training for league and school teams.',120,NULL,360,'month',1,17,1380,4.8);
INSERT INTO classes(id,class_name,course_id,course_name,subject_id,subject_name,tutor_id,institute_id,tutor_institute_name,location,description,runtime_per_session_min,total_sessions,cost,duration,min_age,max_age,default_reviews_count,default_rating) VALUES (113,'Basketball Skills Clinic',610,'Sports Coaching - Football, Badminton, Swimming, Basketball, Athletics / Running',1023,'Basketball Coaching (Singapore)',NULL,NULL,'ProSkillz Basketball','Kallang','Shooting, dribbling, and defensive skills development.',90,NULL,75,'session',14,19,920,4.6);
INSERT INTO classes(id,class_name,course_id,course_name,subject_id,subject_name,tutor_id,institute_id,tutor_institute_name,location,description,runtime_per_session_min,total_sessions,cost,duration,min_age,max_age,default_reviews_count,default_rating) VALUES (114,'Street Basketball Training',610,'Sports Coaching - Football, Badminton, Swimming, Basketball, Athletics / Running',1023,'Basketball Coaching (Singapore)',NULL,NULL,'HoopLife SG','Central SG','Urban-style basketball sessions focusing on fitness and fun.',60,NULL,30,'session',11,19,680,4.5);
INSERT INTO classes(id,class_name,course_id,course_name,subject_id,subject_name,tutor_id,institute_id,tutor_institute_name,location,description,runtime_per_session_min,total_sessions,cost,duration,min_age,max_age,default_reviews_count,default_rating) VALUES (115,'1-to-1 Basketball Coaching',610,'Sports Coaching - Football, Badminton, Swimming, Basketball, Athletics / Running',1023,'Basketball Coaching (Singapore)',NULL,NULL,'Coach Marcus Lee','Central SG','Personalised training to refine individual skills.',60,NULL,90,'session',7,17,210,4.9);
INSERT INTO classes(id,class_name,course_id,course_name,subject_id,subject_name,tutor_id,institute_id,tutor_institute_name,location,description,runtime_per_session_min,total_sessions,cost,duration,min_age,max_age,default_reviews_count,default_rating) VALUES (116,'Junior Track & Field Programme',610,'Sports Coaching - Football, Badminton, Swimming, Basketball, Athletics / Running',1024,'Athletics / Running Coaching (Singapore)',NULL,NULL,'ActiveSG Athletics Academy','National Stadium','Covers sprinting, jumping, and basic endurance training.',90,NULL,130,'month',1,19,1850,4.7);
INSERT INTO classes(id,class_name,course_id,course_name,subject_id,subject_name,tutor_id,institute_id,tutor_institute_name,location,description,runtime_per_session_min,total_sessions,cost,duration,min_age,max_age,default_reviews_count,default_rating) VALUES (117,'Long-Distance Running Club',610,'Sports Coaching - Football, Badminton, Swimming, Basketball, Athletics / Running',1024,'Athletics / Running Coaching (Singapore)',NULL,NULL,'Running Lab SG','East Coast Park','Group training for 5K–marathon runners.',90,NULL,120,'month',6,16,980,4.6);
INSERT INTO classes(id,class_name,course_id,course_name,subject_id,subject_name,tutor_id,institute_id,tutor_institute_name,location,description,runtime_per_session_min,total_sessions,cost,duration,min_age,max_age,default_reviews_count,default_rating) VALUES (118,'Speed & Agility Training',610,'Sports Coaching - Football, Badminton, Swimming, Basketball, Athletics / Running',1024,'Athletics / Running Coaching (Singapore)',NULL,NULL,'SprintX Performance','Bukit Timah','Improves speed, agility, and athletic performance.',75,NULL,80,'session',4,19,740,4.6);
INSERT INTO classes(id,class_name,course_id,course_name,subject_id,subject_name,tutor_id,institute_id,tutor_institute_name,location,description,runtime_per_session_min,total_sessions,cost,duration,min_age,max_age,default_reviews_count,default_rating) VALUES (119,'Youth Athletics Training',610,'Sports Coaching - Football, Badminton, Swimming, Basketball, Athletics / Running',1024,'Athletics / Running Coaching (Singapore)',NULL,NULL,'Singapore Athletics Club','Kallang','Structured training for school competitions.',120,NULL,350,'month',4,19,620,4.5);
INSERT INTO classes(id,class_name,course_id,course_name,subject_id,subject_name,tutor_id,institute_id,tutor_institute_name,location,description,runtime_per_session_min,total_sessions,cost,duration,min_age,max_age,default_reviews_count,default_rating) VALUES (120,'1-to-1 Running Coaching',610,'Sports Coaching - Football, Badminton, Swimming, Basketball, Athletics / Running',1024,'Athletics / Running Coaching (Singapore)',NULL,NULL,'Coach Daniel Wong','Islandwide','Personalised running plans for performance or fitness goals.',60,NULL,95,'session',2,19,190,4.9);
